id;admin_code;admin_birthday;admin_email;admin_fullname;admin_gender;admin_phone;admin_avatar
1;Computer;2022-05-04;Bike auxiliary;bandwidth;purple;Valleys green Tasty;Cotton Associate reboot
2;Iceland Fresh indexing;2022-05-04;lime Card Keyboard;target yellow;progra;needs-based Forward invoice;fuchsia Center Music
3;application Money matrices;2022-05-04;contextually-based;payment Health;Pants ;Stand-alone Tools;SCSI Money bus
4;Configurable hacking;2022-05-05;auxiliary Cambridgeshire 24/7;Bedfordshire;enterp;dynamic Personal channels;Steel asynchronous Arizona
5;Colorado Assistant withdrawal;2022-05-04;Dynamic redundant;Berkshire Intelligent;microc;sticky viral;SSL Planner Fresh
6;Jersey Engineer;2022-05-04;Wisconsin fuchsia;communities Ball;soluti;microchip Communications;Extensions invoice Small
7;Future;2022-05-05;deliver Berkshire black;ROI capacitor;Inlet ;Avon;Unbranded calculating Developer
8;Borders;2022-05-04;Solutions virtual;Incredible monitoring;viral ;Carolina;Brooks installation
9;Representative;2022-05-05;Sports Bacon Rubber;Re-engineered;Persev;Computer lavender Keyboard;digital communities
10;Account Metal;2022-05-04;Brand experiences copying;reintermediate;Infras;Utah invoice deposit;revolutionary
