id;lesson_name;lesson_notification;lesson_content;lesson_images;lesson_file
1;Director benchmark standardization;Keyboard;Port Tennessee alarm;Vietnam;red Bedfordshire Cambridgeshire
2;distributed;reboot;incubate calculate;multi-state alarm withdrawal;Integration infrastructures
3;AGP;Mountains Handmade systemic;Peru Kina;Home end-to-end calculate;Kansas payment
4;engineer Bedfordshire;Fantastic payment;Berkshire;Investment Louisiana Customer;Sleek turquoise Borders
5;solid didactic Soft;ubiquitous;matrix;Bike ADP solution-oriented;Grocery Savings Djibouti
6;markets;Zloty Cambridgeshire;Frozen Devolved;e-business Electronics Handcrafted;matrix Granite Shirt
7;payment Ergonomic Cotton;Soap Stravenue;IB B2B Towels;architectures black orchid;supply-chains
8;Wooden;Integration Maryland;array Ridges PCI;payment Fantastic;Mississippi
9;Handmade National;protocol primary;empowering;copy;olive bricks-and-clicks Concrete
10;bandwidth;out-of-the-box Metrics;Circle;Sleek;mobile Analyst revolutionary
