id;person_code;person_fullname;person_birthday;person_email;person_phone;person_gender;person_avatar
1;Alaska;utilize;2022-03-21;National Ghana;transform;asymm;blue
2;Buckinghamshire bypass;time-frame;2022-03-21;Investor Wyoming connect;panel;model;Kyrgyz New Tactics
3;grey services Account;CFA United Central;2022-03-21;intermediate eyeballs;Generic;Loan ;Road Consultant withdrawal
4;leverage Analyst;Frozen;2022-03-21;Generic;Credit Gorgeous syne;Shill;fuchsia
5;Concrete Small;bandwidth;2022-03-21;Customizable compressing Cote;Salad;Tacti;Gloves International hacking
6;Tasty;Bedfordshire paradigms PCI;2022-03-21;bricks-and-clicks Democratic Visionary;Borders Cambodia Bik;netwo;Cotton SAS
7;Buckinghamshire;programming;2022-03-21;Ergonomic Soft;Bedfordshire navigat;Cotto;driver Organized Mississippi
8;neural Intuitive;invoice open Technician;2022-03-21;Avon Fresh;monitor Fresh;syner;Response
9;input;asymmetric;2022-03-22;red Computers program;user-centric;multi;Liaison Investment Wooden
10;Swedish neural FTP;frame;2022-03-22;Steel Liechtenstein generating;Auto Soap;purpo;Keyboard
