id;exams_history_teacher_comment;exams_history_answer;exams_history_point;exams_history_submission_time
1;Cloned 24/365 Lira;Berkshire;Dynamic;2022-03-31
2;methodologies RAM;JSON Avenue neutral;capability navigating;2022-03-30
3;deploy Dale;challenge Intranet;withdrawal Baby mindshare;2022-03-30
4;Chief aggregate solutions;functionalities demand-driven Granite;compress grid-enabled;2022-03-31
5;Lead Cross-group;withdrawal;Toys;2022-03-31
6;Nebraska Maryland Loan;brand;Principal;2022-03-30
7;invoice Keys Plastic;expedite;Ruble;2022-03-30
8;Lead;AGP;Centralized Steel composite;2022-03-31
9;Portugal Administrator Parks;Awesome ROI Mouse;Bedfordshire bluetooth;2022-03-30
10;mobile Frozen Customer;Direct enable;mindshare;2022-03-31
