id;news_is_display;news_date;news_title;news_description;news_content
1;te;2022-03-21;Car Directives Fiji;blockchains analyzing Grocery;deposit maximize
2;br;2022-03-21;Cotton Platinum;invoice;Account Kids Unbranded
3;sy;2022-03-21;emulation;Account platforms;withdrawal Jewelery
4;Re;2022-03-21;Cheese global Cotton;Wooden world-class Programmable;Account multimedia multimedia
5;Ra;2022-03-21;program Loan;PNG Pizza;Granite throughput artificial
6;sa;2022-03-21;network District firewall;Concrete Cove Chips;override
7;Wa;2022-03-22;Keyboard;homogeneous Automotive Rubber;black
8;Fr;2022-03-21;Generic Function-based Rhode;quantifying Kids withdrawal;Fantastic white
9;Pa;2022-03-22;Fantastic Uzbekistan Sleek;Indiana;payment Automotive pink
10;wi;2022-03-21;Front-line Granite;Practical Computers Buckinghamshire;Gloves
